run,transform_time,epoch,n_params,training_time,training_f1,training_loss,eval_train_f1,eval_train_loss,eval_train_time,eval_val_f1,eval_val_loss,eval_val_time,eval_test_f1,eval_test_loss,eval_test_time
0,4.32280969619751,0,878925,0.340958833694458,0.6164194549844774,3.841858309048873,0.3907669311256755,1.9072369978978083,0.011653661727905273,0.388,1.8458287715911865,0.0027451515197753906,0.413,1.7463533878326416,0.0027642250061035156
0,4.32280969619751,1,878925,0.35680174827575684,0.6733356329768886,1.1226061582565308,0.39720593308037255,1.0798091705028827,0.011644601821899414,0.416,1.05788254737854,0.002755880355834961,0.407,1.0419803857803345,0.003324747085571289
0,4.32280969619751,2,878925,0.34533143043518066,0.7829136483845004,0.5829673317762522,0.48637461193515,1.0322555303573608,0.011944293975830078,0.498,1.016577959060669,0.0033102035522460938,0.529,1.0010147094726562,0.0032999515533447266
0,4.32280969619751,3,878925,0.3325080871582031,0.8116017017362309,0.5167938424990728,0.6370587558928366,0.9577486148247352,0.011787652969360352,0.634,0.9498998522758484,0.0029306411743164062,0.674,0.9425414204597473,0.0027980804443359375
0,4.32280969619751,4,878925,0.3214864730834961,0.8076923076923077,0.5416009426116943,0.7119121536161895,0.7954088220229516,0.01204681396484375,0.706,0.7917386889457703,0.002747058868408203,0.728,0.7769440412521362,0.002945423126220703
0,4.32280969619751,5,878925,0.3197321891784668,0.8083247096700011,0.535921729527987,0.7929745889387145,0.6871203550925622,0.011924028396606445,0.812,0.6689286828041077,0.002762317657470703,0.798,0.6788318753242493,0.002745389938354492
0,4.32280969619751,6,878925,0.35951709747314453,0.8068874324479706,0.5345132946968079,0.7965965275382316,0.593959955068735,0.011742115020751953,0.806,0.5777256488800049,0.0027642250061035156,0.82,0.5787734389305115,0.002857685089111328
0,4.32280969619751,7,878925,0.31999993324279785,0.8056226284925837,0.5405110074923589,0.8190180522019087,0.5186788027103131,0.011727333068847656,0.836,0.5307650566101074,0.0027425289154052734,0.835,0.5125852823257446,0.0028455257415771484
0,4.32280969619751,8,878925,0.3039815425872803,0.8040703690927906,0.5425284275641808,0.8352305392664137,0.49486276507377625,0.0116729736328125,0.822,0.5098028182983398,0.0027666091918945312,0.838,0.4846070110797882,0.002791881561279297
0,4.32280969619751,9,878925,0.33187031745910645,0.8023456364263539,0.5446896048692557,0.8159710244912038,0.5368912724348215,0.011654138565063477,0.806,0.5514169931411743,0.0027866363525390625,0.797,0.5421404242515564,0.0028188228607177734
0,4.32280969619751,10,878925,0.31746959686279297,0.7988961710934805,0.553897866835961,0.8034379671150972,0.5483125769175016,0.011740684509277344,0.816,0.5448037981987,0.0027709007263183594,0.799,0.5540915727615356,0.0030975341796875
0,4.32280969619751,11,878925,0.34134602546691895,0.8030355294929286,0.5483411000325129,0.8248821432677935,0.5074105125207168,0.011790275573730469,0.83,0.5221191644668579,0.002742290496826172,0.825,0.5123671889305115,0.0027740001678466797
0,4.32280969619751,12,878925,0.3341825008392334,0.7998735196044613,0.5485813342607938,0.8267218581119926,0.4879990288844475,0.011686563491821289,0.79,0.5164308547973633,0.002759695053100586,0.82,0.48448053002357483,0.0030736923217773438
0,4.32280969619751,13,878925,0.30469536781311035,0.7990686443601241,0.5485355028739343,0.8262619294009429,0.4957136855675624,0.01176905632019043,0.83,0.4952133893966675,0.0033385753631591797,0.805,0.5162497162818909,0.0033376216888427734
0,4.32280969619751,14,878925,0.33580684661865234,0.8043578245371967,0.5416435232529273,0.8190180522019087,0.5037383964428535,0.011879205703735352,0.822,0.5045580267906189,0.0027670860290527344,0.818,0.5099328756332397,0.0027353763580322266
0,4.32280969619751,15,878925,0.32436394691467285,0.802115672070829,0.5467632550459641,0.8287340462228354,0.4879927107921013,0.011798620223999023,0.808,0.4982473850250244,0.00278472900390625,0.819,0.5029278993606567,0.002832651138305664
0,4.32280969619751,16,878925,0.3529481887817383,0.8056226284925837,0.5386185416808495,0.8235023571346441,0.5022356854035304,0.011656045913696289,0.812,0.507428765296936,0.002850770950317383,0.811,0.516628623008728,0.002736330032348633
0,4.32280969619751,17,878925,0.3163285255432129,0.7994710819822928,0.5549163176463201,0.8283890996895481,0.5073248468912565,0.011692285537719727,0.808,0.5251545310020447,0.0027964115142822266,0.833,0.5005532503128052,0.002771139144897461
0,4.32280969619751,18,878925,0.3412661552429199,0.8013107968264919,0.554003133223607,0.8336207887777395,0.519494469349201,0.011672258377075195,0.842,0.5053788423538208,0.0028107166290283203,0.842,0.5214720964431763,0.002825498580932617
0,4.32280969619751,19,878925,0.3196578025817871,0.8014257790042544,0.5534747426326458,0.8214901690238013,0.5189687242874732,0.012204170227050781,0.814,0.5181424617767334,0.003340482711791992,0.818,0.5330336093902588,0.0033540725708007812
0,4.32280969619751,20,878925,0.34918761253356934,0.8321260204668276,0.5018689724115225,0.865183396573531,0.5126942373239077,0.011814117431640625,0.852,0.5151050686836243,0.002728700637817383,0.862,0.5060865879058838,0.002796649932861328
0,4.32280969619751,21,878925,0.3120410442352295,0.851270553064275,0.4534356204363016,0.8711624698171784,0.41841344420726484,0.011686563491821289,0.86,0.43091875314712524,0.0027823448181152344,0.878,0.4184139370918274,0.0027709007263183594
0,4.32280969619751,22,878925,0.3034646511077881,0.8549499827526733,0.44274832422916705,0.8711624698171784,0.3995972459132855,0.011858224868774414,0.848,0.4122622311115265,0.0027625560760498047,0.856,0.4128694236278534,0.002868175506591797
0,4.32280969619751,23,878925,0.3385946750640869,0.8569621708635161,0.4448514672426077,0.8706450500172473,0.4111024049612192,0.011749505996704102,0.862,0.41568127274513245,0.0028426647186279297,0.87,0.41781800985336304,0.0027556419372558594
0,4.32280969619751,24,878925,0.31493473052978516,0.8548924916637921,0.44835871916550857,0.8707025411061285,0.40756792288560134,0.011598587036132812,0.852,0.4292198717594147,0.0028896331787109375,0.86,0.41729289293289185,0.003437042236328125
0,4.32280969619751,25,878925,0.29986143112182617,0.8587443946188341,0.4401897902672107,0.87311716683914,0.40471811019457304,0.011689424514770508,0.87,0.4120776355266571,0.002972126007080078,0.879,0.41219598054885864,0.0028111934661865234
0,4.32280969619751,26,878925,0.32084131240844727,0.8539151431528114,0.44522257493092465,0.8728297113947339,0.40230396619209874,0.01169586181640625,0.874,0.40906190872192383,0.0027594566345214844,0.883,0.4004378914833069,0.003337383270263672
0,4.32280969619751,27,878925,0.3284280300140381,0.8542025985972175,0.44695676748569196,0.8715649074393469,0.4011688232421875,0.01181340217590332,0.86,0.4190373122692108,0.002733945846557617,0.86,0.4193562865257263,0.0030541419982910156
0,4.32280969619751,28,878925,0.32872676849365234,0.8592043233298838,0.44481061972104585,0.8714499252615845,0.4008538883465987,0.011811494827270508,0.86,0.4021126329898834,0.002772808074951172,0.865,0.4133569300174713,0.0027811527252197266
0,4.32280969619751,29,878925,0.3229968547821045,0.8565597332413476,0.4404651109988873,0.87311716683914,0.4000365367302528,0.011916399002075195,0.87,0.40864819288253784,0.00278472900390625,0.873,0.401005357503891,0.0033202171325683594
0,4.32280969619751,30,878925,0.36907958984375,0.8570771530412786,0.44565608409734875,0.8760492123720823,0.40157673221368057,0.011905431747436523,0.868,0.41609442234039307,0.0027489662170410156,0.883,0.4065761864185333,0.002752542495727539
0,4.32280969619751,31,878925,0.3470642566680908,0.8560423134414166,0.44472424800579363,0.8744969529722892,0.39719682244154125,0.011895418167114258,0.868,0.41366809606552124,0.003267526626586914,0.869,0.4078981280326843,0.0030739307403564453
0,4.32280969619751,32,878925,0.3170614242553711,0.8582844659077843,0.44252125116494984,0.872369782683684,0.4067613436625554,0.011569023132324219,0.878,0.41272997856140137,0.0027685165405273438,0.871,0.4134955108165741,0.0028450489044189453
1,4.32280969619751,0,878925,0.3229484558105469,0.5562262849258365,3.652698209652534,0.6728757042658388,2.104131267620967,0.011824607849121094,0.658,2.053179979324341,0.002778768539428711,0.652,2.3974947929382324,0.0029108524322509766
1,4.32280969619751,1,878925,0.3602287769317627,0.7582499712544556,0.8258410875613873,0.8200528918017708,0.5950289781276996,0.01184391975402832,0.818,0.6083846092224121,0.002797365188598633,0.821,0.5937272310256958,0.002787351608276367
1,4.32280969619751,2,878925,0.33740234375,0.811889157180637,0.5302717066728152,0.7813038978958261,0.5546506138948294,0.011870861053466797,0.79,0.5497094392776489,0.0033588409423828125,0.778,0.5560504794120789,0.0028083324432373047
1,4.32280969619751,3,878925,0.334348201751709,0.8097619868920317,0.534848900941702,0.8043578245371967,0.5662303337684045,0.011693954467773438,0.772,0.6121221780776978,0.0027692317962646484,0.795,0.5737239718437195,0.0028502941131591797
1,4.32280969619751,4,878925,0.33319854736328125,0.8086696562032885,0.5288346776595483,0.8171208462688283,0.5065832344385294,0.0117950439453125,0.806,0.5114222168922424,0.0027761459350585938,0.821,0.5017116665840149,0.002805471420288086
1,4.32280969619751,5,878925,0.3293583393096924,0.8046452799816028,0.5359907792164729,0.8157985512245602,0.5020404595595139,0.011798858642578125,0.812,0.5074387192726135,0.0034317970275878906,0.819,0.5108699202537537,0.002997159957885742
1,4.32280969619751,6,878925,0.3419029712677002,0.8032654938484535,0.5426852840643662,0.8224675175347821,0.5039080885740427,0.011896848678588867,0.808,0.5188733339309692,0.0033464431762695312,0.82,0.5162416696548462,0.0032873153686523438
1,4.32280969619751,7,878925,0.32996296882629395,0.8031505116706911,0.5388450897656955,0.8245946878233874,0.4946505610759442,0.011699914932250977,0.818,0.5028167963027954,0.0028820037841796875,0.82,0.507440447807312,0.0027735233306884766
1,4.32280969619751,8,878925,0.31381964683532715,0.804702771070484,0.5380089787336496,0.8109692997585374,0.5171699157127967,0.01176309585571289,0.816,0.5158176422119141,0.002803802490234375,0.803,0.557472825050354,0.003350496292114258
1,4.32280969619751,9,878925,0.3238351345062256,0.8076923076923077,0.5385528940420884,0.831206163044728,0.5027089348206153,0.01176905632019043,0.798,0.5324739813804626,0.002790212631225586,0.829,0.49382284283638,0.0028221607208251953
1,4.32280969619751,10,878925,0.43492722511291504,0.8055076463148212,0.5415252630527203,0.8214901690238013,0.5023810313298152,0.011654138565063477,0.828,0.5009766817092896,0.0028116703033447266,0.826,0.49252521991729736,0.002836465835571289
1,4.32280969619751,11,878925,0.31801414489746094,0.8037829136483845,0.5405364311658419,0.822180062090376,0.513619065284729,0.016993999481201172,0.83,0.5285659432411194,0.002800464630126953,0.824,0.5064408183097839,0.0027914047241210938
1,4.32280969619751,12,878925,0.35228729248046875,0.8069449235368518,0.5434793325570914,0.8190755432907899,0.5151244952128484,0.011622428894042969,0.812,0.5135053992271423,0.002860546112060547,0.826,0.5117821097373962,0.00279998779296875
1,4.32280969619751,13,878925,0.3203740119934082,0.8038404047372657,0.5455414790373582,0.8138438542025986,0.5155867154781635,0.011719226837158203,0.822,0.5290162563323975,0.0028090476989746094,0.804,0.5183926224708557,0.003041982650756836
1,4.32280969619751,14,878925,0.31466197967529297,0.8039553869150282,0.5466854388897235,0.8258594917787743,0.4926164975533119,0.01224207878112793,0.802,0.509553074836731,0.0028171539306640625,0.831,0.4965128004550934,0.0028145313262939453
1,4.32280969619751,15,878925,0.3002166748046875,0.804702771070484,0.5389785353954022,0.8282166264229045,0.4896451853788816,0.011729001998901367,0.788,0.5233375430107117,0.0033855438232421875,0.837,0.4940512180328369,0.002749919891357422
1,4.32280969619751,16,878925,0.37732481956481934,0.8068299413590894,0.5414432287216187,0.8292514660227664,0.48488465868509734,0.011702537536621094,0.826,0.5037139654159546,0.0028104782104492188,0.841,0.4776446223258972,0.002769947052001953
1,4.32280969619751,17,878925,0.3253049850463867,0.8359779234218696,0.49102644736950213,0.8673105668621364,0.4960668178705069,0.01169276237487793,0.86,0.5017404556274414,0.0027916431427001953,0.864,0.49497291445732117,0.002828836441040039
1,4.32280969619751,18,878925,0.33568358421325684,0.8496033114867195,0.46408449227993304,0.8673105668621364,0.4274375048967508,0.011801719665527344,0.854,0.43629196286201477,0.003305196762084961,0.854,0.43083950877189636,0.003081798553466797
1,4.32280969619751,19,878925,0.3085954189300537,0.8516154995975623,0.44895953169235814,0.8775439806829941,0.41051868750498843,0.011631011962890625,0.88,0.4127110540866852,0.0027971267700195312,0.864,0.4214213192462921,0.0027468204498291016
1,4.32280969619751,20,878925,0.33426785469055176,0.8533402322639991,0.45270605499927813,0.8712774519949408,0.40886171276752764,0.011651754379272461,0.866,0.41059407591819763,0.002786397933959961,0.867,0.4188332259654999,0.002749204635620117
1,4.32280969619751,21,878925,0.3373589515686035,0.8542025985972175,0.4516142767209273,0.8696102104173853,0.40131635390795195,0.011731863021850586,0.846,0.42265158891677856,0.0029811859130859375,0.872,0.4148450195789337,0.003361940383911133
1,4.32280969619751,22,878925,0.3468194007873535,0.8564447510635852,0.44554548309399533,0.8731746579280212,0.4039872334553645,0.016750812530517578,0.888,0.40024664998054504,0.002788066864013672,0.874,0.4088270962238312,0.0031456947326660156
1,4.32280969619751,23,878925,0.3407869338989258,0.851787972864206,0.4448186480081998,0.8728872024836151,0.406408795943627,0.01179361343383789,0.874,0.4136047065258026,0.002824068069458008,0.876,0.4088594913482666,0.0032868385314941406
1,4.32280969619751,24,878925,0.2910764217376709,0.8591468322410026,0.44191717643004197,0.8728297113947339,0.3990985155105591,0.01202392578125,0.868,0.4081172049045563,0.002777099609375,0.863,0.41174980998039246,0.003298044204711914
1,4.32280969619751,25,878925,0.3477973937988281,0.8546625273082672,0.4448802310686845,0.8742669886167644,0.3946390106127812,0.011720895767211914,0.878,0.40615350008010864,0.002768993377685547,0.873,0.4070432484149933,0.003030538558959961
1,4.32280969619751,26,878925,0.3262178897857666,0.8573646084856847,0.4421863785156837,0.8743819707945268,0.40311139592757594,0.011750221252441406,0.864,0.40989455580711365,0.002810955047607422,0.865,0.4161829650402069,0.003362417221069336
1,4.32280969619751,27,878925,0.3326447010040283,0.8568471886857537,0.4421471678293668,0.8736345866390709,0.39609607137166536,0.011908292770385742,0.866,0.40515512228012085,0.002775430679321289,0.876,0.4000489413738251,0.0028085708618164062
1,4.32280969619751,28,878925,0.3069794178009033,0.8582269748189031,0.4432405187533452,0.8719673450615155,0.39753852211512053,0.011775732040405273,0.852,0.4181629419326782,0.0028076171875,0.87,0.40887778997421265,0.0027379989624023438
1,4.32280969619751,29,878925,0.3086588382720947,0.8641485569736691,0.4297629090455862,0.8789237668161435,0.3995950451264015,0.011820316314697266,0.87,0.41284194588661194,0.0027933120727539062,0.876,0.403984010219574,0.002764463424682617
1,4.32280969619751,30,878925,0.3257155418395996,0.8729446935724963,0.4184047533915593,0.883695527193285,0.39613332427465,0.011667728424072266,0.874,0.4130595028400421,0.0028111934661865234,0.881,0.40208113193511963,0.0028481483459472656
1,4.32280969619751,31,878925,0.3147456645965576,0.8756467747499138,0.414838412633309,0.8856502242152466,0.393824957884275,0.011709451675415039,0.874,0.4092053174972534,0.0028760433197021484,0.879,0.40290865302085876,0.0027801990509033203
1,4.32280969619751,32,878925,0.32999134063720703,0.8752443371277452,0.41406170909221357,0.8866275727262274,0.38787261797831607,0.011712074279785156,0.878,0.40411388874053955,0.0028104782104492188,0.884,0.3983612060546875,0.0027379989624023438
2,4.32280969619751,0,878925,0.34263086318969727,0.6320570311601702,2.6618753373622894,0.6843739220420835,1.001407123528994,0.011735200881958008,0.672,1.026178002357483,0.0027844905853271484,0.682,1.077839732170105,0.002764463424682617
2,4.32280969619751,1,878925,0.32526063919067383,0.7541106128550075,0.750974192069127,0.7314591238358055,0.64885741013747,0.01172494888305664,0.744,0.6409153342247009,0.002892732620239258,0.726,0.6693416833877563,0.0027756690979003906
2,4.32280969619751,2,878925,0.2981128692626953,0.8075773255145452,0.541457359607403,0.8148786938024606,0.5212518137234908,0.011790275573730469,0.812,0.5256050229072571,0.0027866363525390625,0.806,0.5260568261146545,0.0031485557556152344
2,4.32280969619751,3,878925,0.3006319999694824,0.811371737380706,0.5294707417488098,0.8088421294699322,0.5029124296628512,0.01179957389831543,0.802,0.5184863805770874,0.002801179885864258,0.8,0.5151299834251404,0.0027856826782226562
2,4.32280969619751,4,878925,0.3339216709136963,0.8075773255145452,0.5340551458872281,0.8331608600666897,0.4801119565963745,0.011823415756225586,0.826,0.49059340357780457,0.0028557777404785156,0.828,0.49269330501556396,0.003307342529296875
2,4.32280969619751,5,878925,0.3319385051727295,0.8154536046912728,0.527463443004168,0.8245946878233874,0.48018755591832674,0.016904830932617188,0.806,0.5099332928657532,0.002768993377685547,0.839,0.48681333661079407,0.0028226375579833984
2,4.32280969619751,6,878925,0.30408358573913574,0.8142462918247672,0.5275425085654626,0.8284465907784293,0.48758609936787534,0.012066125869750977,0.822,0.49792182445526123,0.002794027328491211,0.819,0.49327167868614197,0.002808094024658203
2,4.32280969619751,7,878925,0.3239269256591797,0.8094170403587444,0.5364210330522977,0.8263769115787053,0.48567191454080433,0.0170438289642334,0.8,0.5207736492156982,0.002759695053100586,0.828,0.48742496967315674,0.0027909278869628906
2,4.32280969619751,8,878925,0.33500003814697266,0.8076923076923077,0.537124386200538,0.8299413590893412,0.4902834204527048,0.01186680793762207,0.8,0.513617753982544,0.002744913101196289,0.835,0.48626476526260376,0.0029065608978271484
2,4.32280969619751,9,878925,0.3163635730743408,0.8095895136253881,0.5348680248627296,0.8274692422674486,0.48907649287810695,0.011837005615234375,0.794,0.5178561806678772,0.0027616024017333984,0.847,0.48950591683387756,0.0028181076049804688
2,4.32280969619751,10,878925,0.32590389251708984,0.8132689433137864,0.5306534216954157,0.8247096700011498,0.5146652987370124,0.011637210845947266,0.804,0.5317343473434448,0.0027763843536376953,0.816,0.5273330807685852,0.002778291702270508
2,4.32280969619751,11,878925,0.32520246505737305,0.836092905599632,0.4963867985285245,0.8651259054846498,0.4856988352078658,0.011781454086303711,0.866,0.4949592053890228,0.0027871131896972656,0.872,0.4851180613040924,0.0034334659576416016
2,4.32280969619751,12,878925,0.3463916778564453,0.8529952857307117,0.4598112106323242,0.8696677015062665,0.43834842856113726,0.01176762580871582,0.862,0.4480380415916443,0.003317594528198242,0.871,0.4414718747138977,0.003302335739135742
2,4.32280969619751,13,878925,0.3245840072631836,0.8563297688858227,0.4409337823207562,0.8757617569276762,0.402891055895732,0.011652946472167969,0.852,0.4285859167575836,0.002764463424682617,0.873,0.41229376196861267,0.002812623977661133
2,4.32280969619751,14,878925,0.34029412269592285,0.8575370817523283,0.4406711161136627,0.8758767391054386,0.40074573571865374,0.011878490447998047,0.86,0.41828233003616333,0.002800464630126953,0.88,0.4048386514186859,0.003336668014526367
2,4.32280969619751,15,878925,0.3137390613555908,0.8551799471081982,0.4458693793186775,0.8781188915718063,0.4069817272516397,0.01218867301940918,0.868,0.4190917909145355,0.0027654170989990234,0.865,0.41867297887802124,0.002791881561279297
2,4.32280969619751,16,878925,0.29523158073425293,0.8562722777969415,0.4464123019805321,0.8720823272392779,0.4007515334166013,0.011818170547485352,0.864,0.4145485758781433,0.0027256011962890625,0.871,0.40537720918655396,0.0033168792724609375
2,4.32280969619751,17,878925,0.33672666549682617,0.8599517074853398,0.44504831158197844,0.8732896401057836,0.4004605527107532,0.011832237243652344,0.848,0.42190104722976685,0.002778291702270508,0.861,0.40963029861450195,0.0028083324432373047
2,4.32280969619751,18,878925,0.33501315116882324,0.8571346441301598,0.4416583478450775,0.8750143727722203,0.39501665417964643,0.012372970581054688,0.868,0.4111359417438507,0.003307342529296875,0.872,0.4067067503929138,0.0032567977905273438
2,4.32280969619751,19,878925,0.3119204044342041,0.8545475451305048,0.4407504430183998,0.8748993905944579,0.40058189859757054,0.011825084686279297,0.868,0.4100452661514282,0.0027751922607421875,0.87,0.41422325372695923,0.003325939178466797
2,4.32280969619751,20,878925,0.3351287841796875,0.8570771530412786,0.4426325284517728,0.8758767391054386,0.400218828366353,0.01691722869873047,0.872,0.4134037494659424,0.0027604103088378906,0.872,0.4047570824623108,0.003323793411254883
2,4.32280969619751,21,878925,0.3313288688659668,0.8574795906634471,0.43893377826764035,0.8754743014832701,0.40082688285754275,0.01208186149597168,0.862,0.41292789578437805,0.002827882766723633,0.875,0.4068112373352051,0.0030171871185302734
2,4.32280969619751,22,878925,0.3417336940765381,0.8570771530412786,0.4396735979960515,0.8752443371277452,0.39381050834288966,0.011806249618530273,0.862,0.4113899767398834,0.0027620792388916016,0.872,0.40646278858184814,0.0030558109283447266
2,4.32280969619751,23,878925,0.32309603691101074,0.858456939174428,0.4423222771057716,0.876221685638726,0.40189724702101487,0.01182699203491211,0.878,0.4067922830581665,0.002745389938354492,0.873,0.4142848551273346,0.002768278121948242
2,4.32280969619751,24,878925,0.33490419387817383,0.8578820282856158,0.443621793618569,0.876739105438657,0.3941682187410501,0.011843681335449219,0.88,0.4087830185890198,0.0027294158935546875,0.874,0.4035767614841461,0.002815723419189453
2,4.32280969619751,25,878925,0.3253006935119629,0.8569046797746349,0.44053686352876514,0.871852362883753,0.4022775705044086,0.01178431510925293,0.858,0.4107406735420227,0.0028340816497802734,0.872,0.41510945558547974,0.002807140350341797
2,4.32280969619751,26,878925,0.3481874465942383,0.8588018857077153,0.43959952547000003,0.8730596757502587,0.40038573971161473,0.011927604675292969,0.876,0.403443306684494,0.002775907516479492,0.874,0.40304821729660034,0.002772808074951172
2,4.32280969619751,27,878925,0.35657811164855957,0.8586294124410716,0.4389202778155987,0.8776589628607566,0.39602503868249744,0.011833429336547852,0.86,0.4136969745159149,0.002830028533935547,0.874,0.40045759081840515,0.003419160842895508
2,4.32280969619751,28,878925,0.3326075077056885,0.8604116361963896,0.43722644677528966,0.8749568816833391,0.401677484695728,0.012264490127563477,0.876,0.4090096652507782,0.002754688262939453,0.868,0.4050852954387665,0.002799510955810547
2,4.32280969619751,29,878925,0.3395576477050781,0.8601241807519835,0.4370979162362906,0.8784638381050938,0.39749016211583066,0.01171731948852539,0.858,0.41183194518089294,0.0028018951416015625,0.869,0.41035497188568115,0.002810239791870117
2,4.32280969619751,30,878925,0.3053286075592041,0.8582844659077843,0.43776737497403073,0.8766241232608946,0.386715088899319,0.012036561965942383,0.862,0.40615397691726685,0.0028078556060791016,0.871,0.3971048593521118,0.002997159957885742
2,4.32280969619751,31,878925,0.33524322509765625,0.8588018857077153,0.43870832599126375,0.877256525238588,0.40069162387114304,0.012118101119995117,0.864,0.41919443011283875,0.0028181076049804688,0.874,0.40872418880462646,0.002780437469482422
2,4.32280969619751,32,878925,0.34694385528564453,0.8575945728412097,0.4445642897715935,0.8762791767276072,0.4036904825614049,0.012073278427124023,0.866,0.4208926856517792,0.0028383731842041016,0.88,0.4083494246006012,0.00334930419921875
3,4.32280969619751,0,878925,0.3064744472503662,0.5926181441876509,2.1645728876957526,0.5804875244337128,1.1693864510609553,0.012158632278442383,0.576,1.2147905826568604,0.002810239791870117,0.578,1.2257072925567627,0.002779722213745117
3,4.32280969619751,1,878925,0.3267805576324463,0.7722203058525928,0.5780873986390921,0.7662987236978268,0.6037421639149005,0.012387275695800781,0.772,0.5941421985626221,0.0034673213958740234,0.772,0.5938076972961426,0.003387928009033203
3,4.32280969619751,2,878925,0.3304774761199951,0.8154536046912728,0.515420485001344,0.8244797056456249,0.5178877069399908,0.012305736541748047,0.812,0.5165514945983887,0.0035872459411621094,0.805,0.5251029133796692,0.003892660140991211
3,4.32280969619751,3,878925,0.3121652603149414,0.814706220535817,0.5293895235428443,0.8351730481775325,0.48986918880389285,0.011723756790161133,0.824,0.4971739947795868,0.0033736228942871094,0.82,0.511138379573822,0.0036783218383789062
3,4.32280969619751,4,878925,0.3346116542816162,0.8142462918247672,0.5287803915830759,0.8248246521789123,0.49319069660626924,0.011828184127807617,0.816,0.5014023184776306,0.0028159618377685547,0.83,0.4889518618583679,0.0034368038177490234
3,4.32280969619751,5,878925,0.3612091541290283,0.8067149591813269,0.532105436691871,0.8382200758882373,0.49213831241314226,0.011954307556152344,0.834,0.5007079839706421,0.002847909927368164,0.844,0.4906176030635834,0.002835988998413086
3,4.32280969619751,6,878925,0.33537769317626953,0.8124065769805681,0.528241359270536,0.8320685293779464,0.4775876196531149,0.011748790740966797,0.844,0.4815655052661896,0.003379344940185547,0.841,0.48069897294044495,0.0028564929962158203
3,4.32280969619751,7,878925,0.3145573139190674,0.810854317580775,0.5343208725635822,0.8274117511785674,0.5113132848189428,0.01178598403930664,0.834,0.5044611096382141,0.003354787826538086,0.815,0.5137921571731567,0.002814769744873047
3,4.32280969619751,8,878925,0.3143751621246338,0.8031505116706911,0.5383681975878202,0.8303437967115097,0.5004746730511005,0.01219797134399414,0.82,0.5130781531333923,0.0028619766235351562,0.833,0.5023926496505737,0.0028336048126220703
3,4.32280969619751,9,878925,0.3120603561401367,0.8083822007588823,0.5359633885897123,0.823444866045763,0.5099094876876245,0.011840105056762695,0.828,0.5238961577415466,0.002842426300048828,0.821,0.5225156545639038,0.003980159759521484
3,4.32280969619751,10,878925,0.30724406242370605,0.8072323789812579,0.5395682362409738,0.8326434402667586,0.4907241211487697,0.012383699417114258,0.814,0.5134695768356323,0.003308534622192383,0.84,0.4909520745277405,0.002813577651977539
3,4.32280969619751,11,878925,0.3150167465209961,0.8046452799816028,0.5485888261061448,0.8337357709555019,0.4959015204356267,0.012407779693603516,0.834,0.49206361174583435,0.0028526782989501953,0.824,0.5077847242355347,0.0028243064880371094
3,4.32280969619751,12,878925,0.330564022064209,0.805967575025871,0.5417231550583472,0.8178682304242842,0.5064667600851792,0.012431621551513672,0.826,0.5052139163017273,0.003341197967529297,0.828,0.506494402885437,0.003327608108520508
3,4.32280969619751,13,878925,0.35127735137939453,0.8302288145337473,0.4993744698854593,0.8688053351730481,0.490470663859294,0.011777877807617188,0.864,0.4987342655658722,0.002782583236694336,0.864,0.494157075881958,0.0028564929962158203
3,4.32280969619751,14,878925,0.3282899856567383,0.8513855352420375,0.4587128024834853,0.8655283431068185,0.43729402927251965,0.011889457702636719,0.86,0.4478852152824402,0.002807140350341797,0.87,0.43854230642318726,0.0028839111328125
3,4.32280969619751,15,878925,0.3246877193450928,0.8504656778199379,0.4463131634088663,0.8717948717948718,0.3982631151492779,0.011713743209838867,0.872,0.39008721709251404,0.0029528141021728516,0.864,0.4075131416320801,0.0027930736541748047
3,4.32280969619751,16,878925,0.3403654098510742,0.855639875819248,0.446352284688216,0.8761067034609635,0.40530462906910825,0.011846780776977539,0.852,0.42149388790130615,0.002827167510986328,0.869,0.4135080575942993,0.0033752918243408203
3,4.32280969619751,17,878925,0.32866525650024414,0.8575945728412097,0.4488472778063554,0.8742094975278831,0.4056225281495314,0.011771917343139648,0.868,0.4168599247932434,0.0028188228607177734,0.871,0.4171195924282074,0.0028722286224365234
3,4.32280969619751,18,878925,0.31586289405822754,0.8516154995975623,0.4488782768066113,0.8778314361274002,0.40307597472117496,0.011829853057861328,0.868,0.41599640250205994,0.0028238296508789062,0.882,0.4105108082294464,0.002956390380859375
3,4.32280969619751,19,878925,0.32534337043762207,0.8550074738415545,0.4458191738678859,0.8751293549499828,0.3987589936990004,0.012147188186645508,0.858,0.41482093930244446,0.00279998779296875,0.876,0.40925633907318115,0.0027818679809570312
3,4.32280969619751,20,878925,0.33803606033325195,0.8558698401747729,0.44385501054617077,0.8758192480165574,0.3932120158122136,0.011795997619628906,0.872,0.39936134219169617,0.0033571720123291016,0.88,0.3927561938762665,0.0038831233978271484
3,4.32280969619751,21,878925,0.32750558853149414,0.8619638955961826,0.44186127185821533,0.8746119351500518,0.40377546273745024,0.011935710906982422,0.876,0.4104120433330536,0.0028579235076904297,0.868,0.41520488262176514,0.0033674240112304688
3,4.32280969619751,22,878925,0.32643938064575195,0.8662757272622743,0.42652724110163176,0.8789812579050247,0.3968967038851518,0.011667728424072266,0.87,0.40615206956863403,0.002789020538330078,0.879,0.4056682288646698,0.0033864974975585938
3,4.32280969619751,23,878925,0.3230857849121094,0.8736345866390709,0.4190038190438197,0.8848453489709095,0.3912699268414424,0.011739969253540039,0.876,0.4041914641857147,0.0032105445861816406,0.882,0.4009934067726135,0.002939462661743164
3,4.32280969619751,24,878925,0.3070526123046875,0.8755892836610325,0.4119423031806946,0.8843279291709785,0.38961175084114075,0.011682987213134766,0.872,0.40631160140037537,0.002770662307739258,0.885,0.3991147577762604,0.002853870391845703
3,4.32280969619751,25,878925,0.32990193367004395,0.87829136483845,0.4097062165920551,0.8850178222375532,0.3864774497655722,0.011780261993408203,0.878,0.4019261598587036,0.0027725696563720703,0.883,0.3947609066963196,0.0027627944946289062
3,4.32280969619751,26,878925,0.31085848808288574,0.8789812579050247,0.41172300623013425,0.8864550994595838,0.3831238288145799,0.011951923370361328,0.874,0.40038952231407166,0.003008604049682617,0.883,0.39295560121536255,0.0027954578399658203
3,4.32280969619751,27,878925,0.345231294631958,0.8788662757272623,0.4084436893463135,0.8862826261929401,0.37863064729250395,0.011931419372558594,0.872,0.39514458179473877,0.0033197402954101562,0.884,0.3910342752933502,0.003308534622192383
3,4.32280969619751,28,878925,0.33280301094055176,0.8799011153271243,0.4050534528035384,0.884442911348741,0.37990556084192717,0.011795997619628906,0.872,0.3939678966999054,0.002872943878173828,0.884,0.38950642943382263,0.0033118724822998047
3,4.32280969619751,29,878925,0.3363382816314697,0.8807634816603427,0.40510342671320987,0.8861676440151777,0.3782482628638928,0.011830806732177734,0.872,0.3937039077281952,0.0028171539306640625,0.884,0.38901686668395996,0.002776622772216797
3,4.32280969619751,30,878925,0.3139476776123047,0.8795561687938369,0.40501516598921555,0.886512590548465,0.37798951451595014,0.011744499206542969,0.872,0.39383187890052795,0.002834320068359375,0.883,0.38856086134910583,0.0029311180114746094
3,4.32280969619751,31,878925,0.3326234817504883,0.8795561687938369,0.4076537581590506,0.8869150281706335,0.37649407295080334,0.011831045150756836,0.874,0.3937792479991913,0.002771139144897461,0.885,0.38812166452407837,0.0033273696899414062
3,4.32280969619751,32,878925,0.35010719299316406,0.8785788202828562,0.4077289333710304,0.8860526618374152,0.3770706538970654,0.011898279190063477,0.876,0.39373210072517395,0.0027921199798583984,0.886,0.3878815770149231,0.003376007080078125
4,4.32280969619751,0,878925,0.32349085807800293,0.6198114292284695,1.5903111765017877,0.7844659077842935,0.6279427775969872,0.011775493621826172,0.77,0.5696161985397339,0.002801179885864258,0.781,0.6333529949188232,0.002874135971069336
4,4.32280969619751,1,878925,0.3365612030029297,0.7634241692537657,0.6349342740499057,0.7776819592963091,0.5503756174674401,0.011751651763916016,0.778,0.576740026473999,0.0028312206268310547,0.768,0.5616481900215149,0.002775907516479492
4,4.32280969619751,2,878925,0.33998656272888184,0.8136713809359549,0.5261495411396027,0.8035529492928596,0.5097945309602298,0.012435674667358398,0.832,0.49915215373039246,0.0028870105743408203,0.803,0.5184792280197144,0.003355741500854492
4,4.32280969619751,3,878925,0.33902812004089355,0.8095320225365068,0.538714933853883,0.8179832126020466,0.5021257652686193,0.01216435432434082,0.846,0.4824388921260834,0.0027871131896972656,0.829,0.4931983947753906,0.0028145313262939453
4,4.32280969619751,4,878925,0.3227694034576416,0.8099919512475566,0.5327148941846994,0.8102219156030815,0.5006660291781793,0.012459039688110352,0.798,0.5166348218917847,0.002798795700073242,0.814,0.5036159157752991,0.0031404495239257812
4,4.32280969619751,5,878925,0.305783748626709,0.808784638381051,0.5313811210485605,0.8359204323329884,0.48740359453054577,0.011765480041503906,0.824,0.4956585466861725,0.0028276443481445312,0.824,0.49754881858825684,0.002870321273803711
4,4.32280969619751,6,878925,0.3235926628112793,0.8098194779809129,0.5423988287265484,0.8329308957111647,0.49521966163928693,0.01175546646118164,0.844,0.4925660192966461,0.0028913021087646484,0.832,0.5035576820373535,0.002853870391845703
4,4.32280969619751,7,878925,0.31492090225219727,0.8078072898700701,0.533640063725985,0.8258594917787743,0.5245153032816373,0.011965036392211914,0.834,0.5177279710769653,0.0028069019317626953,0.847,0.5104612708091736,0.0027849674224853516
4,4.32280969619751,8,878925,0.30731630325317383,0.8091295849143383,0.5335511565208435,0.8333333333333334,0.4809620747199425,0.011899232864379883,0.836,0.4799129068851471,0.0027921199798583984,0.825,0.48565933108329773,0.0030117034912109375
4,4.32280969619751,9,878925,0.36320948600769043,0.8077497987811889,0.5372110421840961,0.8257445096010119,0.5013680710242345,0.011806488037109375,0.824,0.503591775894165,0.0027909278869628906,0.815,0.5137292742729187,0.0028498172760009766
4,4.32280969619751,10,878925,0.3091464042663574,0.8050477176037714,0.5375907329412607,0.8303437967115097,0.5104604730239282,0.011812925338745117,0.842,0.5071250200271606,0.0028204917907714844,0.844,0.5005627274513245,0.002794027328491211
4,4.32280969619751,11,878925,0.3310234546661377,0.8079797631367138,0.5368768664506766,0.8318385650224215,0.4971595979653872,0.011635780334472656,0.83,0.4972246289253235,0.0028209686279296875,0.823,0.5041941404342651,0.0028738975524902344
4,4.32280969619751,12,878925,0.3263206481933594,0.8037829136483845,0.5423514705437881,0.8283316086006669,0.4848637535021855,0.012217521667480469,0.816,0.496908962726593,0.0028085708618164062,0.827,0.47779062390327454,0.0028421878814697266
4,4.32280969619751,13,878925,0.3438878059387207,0.7980912958491434,0.5527917146682739,0.8302288145337473,0.49610368334330046,0.012302637100219727,0.82,0.5045436024665833,0.0027892589569091797,0.842,0.4887300133705139,0.0033273696899414062
4,4.32280969619751,14,878925,0.3315012454986572,0.8091295849143383,0.5356442653215848,0.8180981947798092,0.5056638350853553,0.011821985244750977,0.824,0.4954063892364502,0.002805948257446289,0.809,0.5174802541732788,0.003304004669189453
4,4.32280969619751,15,878925,0.3693232536315918,0.8306312521559158,0.4996296832194695,0.8711624698171784,0.48039650229307324,0.011854410171508789,0.856,0.49632471799850464,0.0028650760650634766,0.861,0.4817590117454529,0.003304004669189453
4,4.32280969619751,16,878925,0.32473087310791016,0.8518454639530872,0.46267522069124073,0.8704725767506036,0.4321739719464229,0.011853218078613281,0.876,0.44400548934936523,0.002824068069458008,0.869,0.4384898841381073,0.0033597946166992188
4,4.32280969619751,17,878925,0.3255729675292969,0.8533977233528803,0.45040993507091814,0.8755317925721513,0.40060094457406265,0.011703252792358398,0.86,0.41695261001586914,0.0028846263885498047,0.866,0.4106661081314087,0.003283977508544922
4,4.32280969619751,18,878925,0.335524320602417,0.8555823847303667,0.4439899187821608,0.877256525238588,0.40139204951433033,0.011884689331054688,0.86,0.4169186055660248,0.002832651138305664,0.879,0.410311758518219,0.00284576416015625
4,4.32280969619751,19,878925,0.32683372497558594,0.8505806599977004,0.453268642608936,0.8738645509945958,0.40668289019511294,0.011999845504760742,0.864,0.4212154746055603,0.002820253372192383,0.865,0.41705021262168884,0.002836942672729492
4,4.32280969619751,20,878925,0.33319997787475586,0.8547200183971484,0.4492952823638916,0.8742094975278831,0.401221364736557,0.012369871139526367,0.874,0.4190618693828583,0.003367185592651367,0.872,0.4120216369628906,0.003406524658203125
4,4.32280969619751,21,878925,0.3329133987426758,0.8555823847303667,0.44734280155255246,0.8766816143497758,0.3972344513122852,0.011836051940917969,0.888,0.40060585737228394,0.002907991409301758,0.873,0.40854430198669434,0.0029489994049072266
4,4.32280969619751,22,878925,0.32628297805786133,0.8556973669081293,0.4480817180413466,0.8770840519719444,0.3992779484161964,0.011849164962768555,0.868,0.4116743206977844,0.002777576446533203,0.868,0.40407299995422363,0.002798795700073242
4,4.32280969619751,23,878925,0.33430957794189453,0.8573071173968035,0.4417740794328543,0.8771990341497068,0.39182783090151274,0.011903524398803711,0.87,0.40365272760391235,0.0027790069580078125,0.874,0.40485504269599915,0.003390789031982422
4,4.32280969619751,24,878925,0.33119678497314453,0.8538001609750488,0.4478519421357375,0.8768540876164195,0.402910420527825,0.012944459915161133,0.858,0.4210589528083801,0.0027971267700195312,0.879,0.4086119532585144,0.002841472625732422
4,4.32280969619751,25,878925,0.32172179222106934,0.8528228124640681,0.449382490836657,0.874439461883408,0.4023730250505301,0.011853218078613281,0.864,0.4142010509967804,0.0027875900268554688,0.875,0.4098327159881592,0.0028014183044433594
4,4.32280969619751,26,878925,0.3256821632385254,0.8570196619523974,0.4459014947597797,0.8781763826606876,0.40165321872784543,0.01194143295288086,0.872,0.41455358266830444,0.002817392349243164,0.87,0.4112381637096405,0.002870798110961914
4,4.32280969619751,27,878925,0.31314849853515625,0.855639875819248,0.44567620754241943,0.8739795331723583,0.4029166331657997,0.012070417404174805,0.862,0.41015443205833435,0.0028235912322998047,0.877,0.4063856601715088,0.002799510955810547
4,4.32280969619751,28,878925,0.3157615661621094,0.8618489134184202,0.43220083988629854,0.8794411866160745,0.39521541274510896,0.011914968490600586,0.866,0.4057295322418213,0.002816915512084961,0.883,0.39974308013916016,0.0028290748596191406
4,4.32280969619751,29,878925,0.3230307102203369,0.8692077727952168,0.4216336401609274,0.8850178222375532,0.39154013762107265,0.012280464172363281,0.874,0.40621253848075867,0.0028183460235595703,0.884,0.39945292472839355,0.00286865234375
4,4.32280969619751,30,878925,0.32218480110168457,0.8758192480165574,0.4136574543439425,0.8858801885707716,0.3906315267086029,0.011836051940917969,0.87,0.4072548747062683,0.00289154052734375,0.876,0.4000408947467804,0.002823352813720703
4,4.32280969619751,31,878925,0.36772656440734863,0.8758767391054386,0.4156766327527853,0.884442911348741,0.38834558312709516,0.011739253997802734,0.874,0.4048576354980469,0.002839326858520508,0.881,0.3981015682220459,0.002800464630126953
4,4.32280969619751,32,878925,0.3471682071685791,0.8775439806829941,0.41148931705034697,0.8851328044153156,0.38461504303492033,0.012061595916748047,0.878,0.3995648920536041,0.0027773380279541016,0.88,0.3943604826927185,0.0028154850006103516
5,4.32280969619751,0,878925,0.3460876941680908,0.6041163619638956,2.046550830969444,0.6694262389329654,0.761621539409344,0.011907339096069336,0.666,0.768161416053772,0.0027904510498046875,0.659,0.783033549785614,0.002820730209350586
5,4.32280969619751,1,878925,0.31781649589538574,0.7548005059215822,0.5989213769252484,0.7564102564102564,0.6151070824036231,0.011894702911376953,0.754,0.6095948219299316,0.0028531551361083984,0.76,0.6146973967552185,0.0030641555786132812
5,4.32280969619751,2,878925,0.33023762702941895,0.8153386225135104,0.5204406816225785,0.7929745889387145,0.5346480699685904,0.01174473762512207,0.76,0.5546092987060547,0.0027916431427001953,0.81,0.5262063145637512,0.0031430721282958984
5,4.32280969619751,3,878925,0.32418251037597656,0.8129814878693803,0.5308186411857605,0.8295389214671726,0.5012204028092898,0.012056112289428711,0.82,0.5073940753936768,0.002980470657348633,0.825,0.5106778144836426,0.003209352493286133
5,4.32280969619751,4,878925,0.3154313564300537,0.8117741750028745,0.5299590596785912,0.8316660917557779,0.4904012359105624,0.01218271255493164,0.824,0.4882794916629791,0.0028390884399414062,0.846,0.4861724376678467,0.0028259754180908203
5,4.32280969619751,5,878925,0.32262444496154785,0.8063125215591583,0.5376000496057364,0.832470967000115,0.5074295722521268,0.011916637420654297,0.822,0.5135705471038818,0.002809762954711914,0.841,0.5116495490074158,0.003350973129272461
5,4.32280969619751,6,878925,0.3258793354034424,0.813958836380361,0.5251120283053472,0.8309761986892031,0.49128259603793806,0.012220144271850586,0.844,0.47633740305900574,0.0028192996978759766,0.833,0.5028003454208374,0.002874612808227539
5,4.32280969619751,7,878925,0.34338855743408203,0.8086121651144073,0.5360684669934787,0.8252270898010808,0.4877409224326794,0.011865615844726562,0.818,0.4956836402416229,0.0028104782104492188,0.829,0.49693310260772705,0.0027856826782226562
5,4.32280969619751,8,878925,0.33122801780700684,0.8036679314706221,0.5510294208159814,0.831436127400253,0.492741408256384,0.012143611907958984,0.81,0.522210955619812,0.003214597702026367,0.836,0.499567449092865,0.002828359603881836
5,4.32280969619751,9,878925,0.31846094131469727,0.8079797631367138,0.5406008592018714,0.8391399333103369,0.4838829751198108,0.011858463287353516,0.82,0.5124225616455078,0.0027964115142822266,0.847,0.4876573383808136,0.0033729076385498047
5,4.32280969619751,10,878925,0.31604576110839844,0.808784638381051,0.5392263119037335,0.8370127630217317,0.5063410997390747,0.012212753295898438,0.812,0.5178181529045105,0.002794504165649414,0.835,0.5154778957366943,0.0028142929077148438
5,4.32280969619751,11,878925,0.3334789276123047,0.8024606186041163,0.5477871344639704,0.8310911808669657,0.49693075051674473,0.011866092681884766,0.794,0.5213978886604309,0.0027823448181152344,0.846,0.49381548166275024,0.0029473304748535156
5,4.32280969619751,12,878925,0.317720890045166,0.797228929515925,0.5525582937093881,0.8266068759342302,0.5077501466641059,0.011766910552978516,0.82,0.5152552127838135,0.002826690673828125,0.834,0.5049265027046204,0.003248929977416992
5,4.32280969619751,13,878925,0.3106405735015869,0.8317810739335403,0.5023113810099088,0.8671380935954927,0.4879629909992218,0.011939048767089844,0.856,0.49330148100852966,0.002801179885864258,0.866,0.4892924427986145,0.0028352737426757812
5,4.32280969619751,14,878925,0.3432886600494385,0.8505231689088192,0.4695179806305812,0.8649534322180062,0.4489306967992049,0.011878013610839844,0.87,0.4516738951206207,0.0037364959716796875,0.86,0.4501394033432007,0.0027892589569091797
5,4.32280969619751,15,878925,0.3108088970184326,0.8470162124870645,0.45957670303491444,0.8759917212832011,0.39780186919065624,0.011824607849121094,0.862,0.4110049307346344,0.0028171539306640625,0.873,0.4075332283973694,0.0029311180114746094
5,4.32280969619751,16,878925,0.3271806240081787,0.8547200183971484,0.4485148810423337,0.8748993905944579,0.4082408341077658,0.011972904205322266,0.868,0.42885342240333557,0.0032744407653808594,0.872,0.41174235939979553,0.0029404163360595703
5,4.32280969619751,17,878925,0.324918270111084,0.8516729906864436,0.45246922740569484,0.8728297113947339,0.3981696344338931,0.01183629035949707,0.848,0.41687968373298645,0.002833127975463867,0.874,0.40609681606292725,0.0031614303588867188
5,4.32280969619751,18,878925,0.32166290283203125,0.8494308382200759,0.45631274810204137,0.869782683684029,0.4044076594022604,0.011816024780273438,0.852,0.42332717776298523,0.002811908721923828,0.868,0.4077543616294861,0.002851724624633789
5,4.32280969619751,19,878925,0.31865358352661133,0.8529377946418305,0.4543653061756721,0.879038748993906,0.40032894336260283,0.011742115020751953,0.86,0.4173801839351654,0.002803802490234375,0.874,0.4081994593143463,0.0029349327087402344
5,4.32280969619751,20,878925,0.3572819232940674,0.849718293664482,0.45427905596219575,0.8766816143497758,0.39789610184155977,0.011914730072021484,0.86,0.4167383909225464,0.0032074451446533203,0.869,0.4110272526741028,0.0027942657470703125
5,4.32280969619751,21,878925,0.33588528633117676,0.8554674025526043,0.45151891387425935,0.8768540876164195,0.39965100242541385,0.011874675750732422,0.86,0.4225755035877228,0.002794027328491211,0.88,0.4100538194179535,0.002829313278198242
5,4.32280969619751,22,878925,0.3272106647491455,0.8673105668621364,0.43200943103203404,0.8833505806599977,0.3976856034535628,0.011856317520141602,0.872,0.4128609001636505,0.0037403106689453125,0.888,0.4063733220100403,0.0028238296508789062
5,4.32280969619751,23,878925,0.3241260051727295,0.8687478440841669,0.4279322922229767,0.8859376796596528,0.39399150013923645,0.012087345123291016,0.868,0.40873584151268005,0.003347635269165039,0.881,0.40364739298820496,0.003932476043701172
5,4.32280969619751,24,878925,0.33881497383117676,0.8724272737725652,0.4215804865727058,0.8863401172818213,0.39232783363415646,0.0118255615234375,0.874,0.4061674475669861,0.002775907516479492,0.883,0.40175071358680725,0.0027763843536376953
5,4.32280969619751,25,878925,0.32288265228271484,0.8763366678164884,0.41848750297839826,0.8865700816373462,0.38782073901249814,0.011845588684082031,0.878,0.40189051628112793,0.0034134387969970703,0.881,0.3985353708267212,0.002824068069458008
5,4.32280969619751,26,878925,0.2994205951690674,0.8760492123720823,0.4179068391139691,0.8859376796596528,0.38578538252757144,0.01183629035949707,0.878,0.3994940519332886,0.0028650760650634766,0.88,0.39339959621429443,0.002837657928466797
5,4.32280969619751,27,878925,0.32617926597595215,0.8728297113947339,0.4165624448886284,0.8865700816373462,0.3812660253964938,0.011627435684204102,0.87,0.39973685145378113,0.0028100013732910156,0.882,0.3910565674304962,0.002857685089111328
5,4.32280969619751,28,878925,0.31018495559692383,0.874669426238933,0.4139755597481361,0.8878923766816144,0.38020989298820496,0.011810064315795898,0.878,0.39335790276527405,0.002772808074951172,0.882,0.3911084830760956,0.0029261112213134766
5,4.32280969619751,29,878925,0.36817049980163574,0.8775439806829941,0.41196975341209996,0.887030010348396,0.3771233008458064,0.011767387390136719,0.868,0.3952724039554596,0.0028090476989746094,0.888,0.3874090313911438,0.0028960704803466797
5,4.32280969619751,30,878925,0.33328938484191895,0.8753593193055077,0.415847496344493,0.887547430148327,0.3763216802707085,0.012430667877197266,0.876,0.3923165500164032,0.003122091293334961,0.883,0.3845568597316742,0.0028581619262695312
5,4.32280969619751,31,878925,0.31923723220825195,0.876739105438657,0.4124424205376552,0.886512590548465,0.3769249136631305,0.012315988540649414,0.874,0.39232128858566284,0.002851247787475586,0.884,0.385527640581131,0.002855062484741211
5,4.32280969619751,32,878925,0.3180356025695801,0.8775439806829941,0.40995392203330994,0.8870875014372772,0.37443368022258466,0.011780023574829102,0.87,0.39428097009658813,0.0028421878814697266,0.883,0.38539355993270874,0.002864837646484375
6,4.32280969619751,0,878925,0.33455395698547363,0.6409106588478786,1.198529105920058,0.7855582384730366,0.5984506973853478,0.011885404586791992,0.774,0.5840355753898621,0.0028412342071533203,0.802,0.602785050868988,0.0028183460235595703
6,4.32280969619751,1,878925,0.31832146644592285,0.7818788087846383,0.5892388132902292,0.7829136483845004,0.6096725234618554,0.011896848678588867,0.764,0.625653088092804,0.002789020538330078,0.777,0.615414023399353,0.0028154850006103516
6,4.32280969619751,2,878925,0.3197319507598877,0.8158560423134414,0.5223621542637165,0.817293319535472,0.5551262222803556,0.01175999641418457,0.81,0.5551342964172363,0.0028018951416015625,0.824,0.5582236647605896,0.002821207046508789
6,4.32280969619751,3,878925,0.33409547805786133,0.8107393354030126,0.5277482637992272,0.8269518224675175,0.49057227831620437,0.0118560791015625,0.84,0.4896683096885681,0.0027625560760498047,0.823,0.4939430058002472,0.0028455257415771484
6,4.32280969619751,4,878925,0.30718326568603516,0.8126940324249742,0.5329799835498517,0.8056226284925837,0.5112981475316561,0.011892318725585938,0.774,0.5308223366737366,0.0027589797973632812,0.794,0.5181760787963867,0.0028357505798339844
6,4.32280969619751,5,878925,0.3420901298522949,0.8077497987811889,0.5346244940390954,0.8244222145567437,0.5007965106230515,0.01699995994567871,0.8,0.5181108713150024,0.0027992725372314453,0.825,0.4961250126361847,0.002943754196166992
6,4.32280969619751,6,878925,0.32843875885009766,0.8101644245142003,0.5333587022928091,0.8327584224445211,0.4907598357934218,0.012321949005126953,0.836,0.5075723528862,0.0028765201568603516,0.82,0.4826911389827728,0.002790212631225586
6,4.32280969619751,7,878925,0.3166818618774414,0.8078072898700701,0.53943676673449,0.8274117511785674,0.49389775211994463,0.011820793151855469,0.838,0.4712696671485901,0.0028123855590820312,0.839,0.4879346787929535,0.00330352783203125
6,4.32280969619751,8,878925,0.3469240665435791,0.804932735426009,0.5435191301199106,0.8145912383580545,0.5014924292380993,0.012430906295776367,0.806,0.5344297885894775,0.0027823448181152344,0.804,0.5299219489097595,0.0028007030487060547
6,4.32280969619751,9,878925,0.33652782440185547,0.8006783948487984,0.5495022810422457,0.8217776244682075,0.5007245196745946,0.011848688125610352,0.83,0.5024207830429077,0.003412961959838867,0.818,0.5044727921485901,0.002796173095703125
6,4.32280969619751,10,878925,0.3202855587005615,0.8029780384040474,0.5461589969121493,0.815223640335748,0.5155750490151919,0.016864299774169922,0.826,0.5084025859832764,0.00308990478515625,0.813,0.5199862122535706,0.0030832290649414062
6,4.32280969619751,11,878925,0.33064866065979004,0.8046452799816028,0.5449806176699125,0.8159710244912038,0.4926064725105579,0.011917591094970703,0.786,0.5226132869720459,0.0028247833251953125,0.804,0.508979320526123,0.0027985572814941406
6,4.32280969619751,12,878925,0.3428361415863037,0.7995860641600552,0.5503543477792007,0.8168908819133034,0.5065830189448136,0.011930704116821289,0.802,0.5178595185279846,0.002762317657470703,0.815,0.5173768401145935,0.003012418746948242
6,4.32280969619751,13,878925,0.3272416591644287,0.8009658502932046,0.5513051243928763,0.8323559848223525,0.46288665441366345,0.011820316314697266,0.83,0.47297003865242004,0.002868175506591797,0.836,0.46605655550956726,0.0027773380279541016
6,4.32280969619751,14,878925,0.34117960929870605,0.8362653788662757,0.4873645557807042,0.8660457629067495,0.5013965666294098,0.03743386268615723,0.862,0.5086424946784973,0.002848386764526367,0.864,0.5041368007659912,0.0028569698333740234
6,4.32280969619751,15,878925,0.35129761695861816,0.8471886857537082,0.4714002632177793,0.8662757272622743,0.4364175979907696,0.011798381805419922,0.848,0.4543136656284332,0.003063678741455078,0.87,0.43612003326416016,0.0028700828552246094
6,4.32280969619751,16,878925,0.3533923625946045,0.8519604461308498,0.45578930928156924,0.8707600321950097,0.4133155162517841,0.012010574340820312,0.858,0.4230676591396332,0.002779245376586914,0.858,0.4278411567211151,0.002801656723022461
6,4.32280969619751,17,878925,0.3150906562805176,0.8495458203978383,0.45448994636535645,0.8716223985282281,0.4089085826506981,0.011762857437133789,0.864,0.42337220907211304,0.0028111934661865234,0.873,0.4118822515010834,0.002939939498901367
6,4.32280969619751,18,878925,0.3518831729888916,0.8539151431528114,0.452395315353687,0.8746119351500518,0.40942368369836074,0.011829137802124023,0.866,0.42491620779037476,0.002965211868286133,0.867,0.420854777097702,0.0028107166290283203
6,4.32280969619751,19,878925,0.3427572250366211,0.8545475451305048,0.45201878822766817,0.8743244797056456,0.39739312804662263,0.012456417083740234,0.866,0.4106321334838867,0.0027751922607421875,0.872,0.4159640073776245,0.0031957626342773438
6,4.32280969619751,20,878925,0.3251833915710449,0.8583994480855467,0.4437865935839139,0.8708750143727723,0.4032519734822787,0.011873245239257812,0.852,0.4152809679508209,0.002875804901123047,0.87,0.40773606300354004,0.002847909927368164
6,4.32280969619751,21,878925,0.305250883102417,0.8543175807749799,0.4471360811820397,0.8734046222835461,0.3999029741837428,0.011820793151855469,0.852,0.41440466046333313,0.0031194686889648438,0.866,0.4152514636516571,0.0028007030487060547
6,4.32280969619751,22,878925,0.32112932205200195,0.8568471886857537,0.44499568526561445,0.8740370242612395,0.3998682659405928,0.011635780334472656,0.87,0.4086434543132782,0.003299713134765625,0.877,0.4059997498989105,0.0028061866760253906
6,4.32280969619751,23,878925,0.35286736488342285,0.8563297688858227,0.4472077511824094,0.8742094975278831,0.40295141476851243,0.011821985244750977,0.86,0.41952764987945557,0.0028133392333984375,0.868,0.41223326325416565,0.0028014183044433594
6,4.32280969619751,24,878925,0.3252084255218506,0.8547200183971484,0.4455972359730647,0.8732896401057836,0.39655977258315456,0.012012481689453125,0.866,0.40546855330467224,0.0028040409088134766,0.867,0.4065614640712738,0.002850770950317383
6,4.32280969619751,25,878925,0.3540325164794922,0.8582269748189031,0.4471048162533687,0.8761067034609635,0.3967098089364859,0.011698246002197266,0.854,0.4127027988433838,0.0028455257415771484,0.877,0.39654040336608887,0.0028061866760253906
6,4.32280969619751,26,878925,0.32582926750183105,0.857192135219041,0.4465434023967156,0.8759917212832011,0.3968089704330151,0.01173853874206543,0.872,0.40938180685043335,0.002802610397338867,0.871,0.40459969639778137,0.002770662307739258
6,4.32280969619751,27,878925,0.35068750381469727,0.8576520639300909,0.4440005307014172,0.8784063470162125,0.4010261526474586,0.012440681457519531,0.88,0.4124009907245636,0.0028390884399414062,0.874,0.40629738569259644,0.0028116703033447266
6,4.32280969619751,28,878925,0.3692455291748047,0.854605036219386,0.4440502639000232,0.8748993905944579,0.4017708186919873,0.013060331344604492,0.858,0.42721447348594666,0.002780437469482422,0.873,0.41005852818489075,0.0033774375915527344
6,4.32280969619751,29,878925,0.3329286575317383,0.8544325629527423,0.45005231407972485,0.8792687133494308,0.40110934926913333,0.011811494827270508,0.874,0.42179542779922485,0.002832651138305664,0.885,0.40877971053123474,0.002841949462890625
6,4.32280969619751,30,878925,0.31406259536743164,0.8561572956191791,0.4456779933892764,0.8734046222835461,0.4032195485555209,0.011860847473144531,0.868,0.4153764545917511,0.0028874874114990234,0.868,0.4074232876300812,0.0029935836791992188
6,4.32280969619751,31,878925,0.3481292724609375,0.8650684143957686,0.4335344135761261,0.8790962400827872,0.39670650775615984,0.01184701919555664,0.88,0.4105735123157501,0.0027959346771240234,0.88,0.4018329083919525,0.00284576416015625
6,4.32280969619751,32,878925,0.3325009346008301,0.8703575945728412,0.4212764478646792,0.8824307232378982,0.39394043729855466,0.011903047561645508,0.87,0.4115026295185089,0.0028066635131835938,0.882,0.4023599922657013,0.0028002262115478516
7,4.32280969619751,0,878925,0.33873486518859863,0.6057836035414511,2.9803739809072933,0.7585949177877429,0.9158792266478906,0.01193094253540039,0.752,0.9594113230705261,0.0033309459686279297,0.767,0.8924240469932556,0.0028853416442871094
7,4.32280969619751,1,878925,0.32077527046203613,0.746291824767161,0.8067178084300115,0.6531562607795791,0.7069667669442984,0.011762380599975586,0.63,0.7097131013870239,0.0028541088104248047,0.661,0.6880727410316467,0.0034074783325195312
7,4.32280969619751,2,878925,0.33124685287475586,0.8027480740485224,0.5423081608918997,0.7898125790502473,0.5420132233546331,0.011770963668823242,0.758,0.5571625232696533,0.0027887821197509766,0.775,0.5618619322776794,0.0028591156005859375
7,4.32280969619751,3,878925,0.3085627555847168,0.8017707255375417,0.5390368883426373,0.801080832470967,0.5122995926783636,0.012337684631347656,0.834,0.47918373346328735,0.002785205841064453,0.814,0.5121338367462158,0.0028209686279296875
7,4.32280969619751,4,878925,0.3290095329284668,0.8080947453144762,0.5341453024974236,0.8079222720478326,0.5275552181097177,0.012022733688354492,0.802,0.5280493497848511,0.0028073787689208984,0.814,0.5252013206481934,0.002809762954711914
7,4.32280969619751,5,878925,0.34035801887512207,0.8052776819592963,0.5412705907454858,0.8131539611360239,0.5052391496988443,0.012224674224853516,0.814,0.5126686692237854,0.0028600692749023438,0.817,0.5092135071754456,0.002846956253051758
7,4.32280969619751,6,878925,0.3271174430847168,0.8125215591583305,0.5301819008130294,0.8249971254455559,0.5046698336417859,0.011730432510375977,0.786,0.5277817249298096,0.0028412342071533203,0.826,0.5026437640190125,0.0032002925872802734
7,4.32280969619751,7,878925,0.3448045253753662,0.8050477176037714,0.5384177611424372,0.8288490284005979,0.5001178406752073,0.012311458587646484,0.844,0.4869493544101715,0.0030062198638916016,0.836,0.49985504150390625,0.0028493404388427734
7,4.32280969619751,8,878925,0.3340461254119873,0.8074623433367828,0.5442543396582971,0.8292514660227664,0.47445372205514175,0.011847972869873047,0.832,0.4878406822681427,0.002817869186401367,0.846,0.4641803801059723,0.0028362274169921875
7,4.32280969619751,9,878925,0.3179664611816406,0.8060250661147522,0.5380348609044001,0.819362998735196,0.5219491490950952,0.012302160263061523,0.816,0.5194539427757263,0.002814054489135742,0.811,0.5351151823997498,0.002862691879272461
7,4.32280969619751,10,878925,0.3493490219116211,0.8322410026445901,0.5079468626242417,0.8696102104173853,0.4986068056179927,0.01182103157043457,0.866,0.5077319741249084,0.00334930419921875,0.874,0.4975757300853729,0.0033702850341796875
7,4.32280969619751,11,878925,0.3270139694213867,0.8533977233528803,0.4617682878787701,0.8659882718178682,0.42913671411000764,0.012511253356933594,0.844,0.45296555757522583,0.0028371810913085938,0.861,0.43350186944007874,0.003996849060058594
7,4.32280969619751,12,878925,0.3353841304779053,0.8550649649304358,0.438392325089528,0.8766241232608946,0.3955706059932709,0.011964082717895508,0.876,0.39895904064178467,0.0028705596923828125,0.872,0.40965986251831055,0.002821207046508789
7,4.32280969619751,13,878925,0.3098108768463135,0.8551799471081982,0.44097033601540786,0.8735196044613085,0.40534459627591646,0.012361526489257812,0.866,0.41854432225227356,0.003368377685546875,0.869,0.4168234169483185,0.0033540725708007812
7,4.32280969619751,14,878925,0.3268616199493408,0.8554099114637231,0.44531537707035357,0.8737495688168334,0.40736663800019485,0.011913061141967773,0.868,0.40984848141670227,0.003203868865966797,0.866,0.41887935996055603,0.0028705596923828125
7,4.32280969619751,15,878925,0.31062984466552734,0.855639875819248,0.443988561630249,0.8713924341727032,0.4046606719493866,0.011830568313598633,0.874,0.41647952795028687,0.0028221607208251953,0.867,0.4047258496284485,0.002842426300048828
7,4.32280969619751,16,878925,0.3234519958496094,0.8585144302633092,0.4410235400383289,0.8750718638611016,0.4037156311365274,0.011781692504882812,0.856,0.41524019837379456,0.003141164779663086,0.867,0.41873815655708313,0.002784252166748047
7,4.32280969619751,17,878925,0.306673526763916,0.8567322065079913,0.44210509153512806,0.8709325054616535,0.398548050568654,0.011817455291748047,0.862,0.41951099038124084,0.0028061866760253906,0.875,0.40881702303886414,0.002840757369995117
7,4.32280969619751,18,878925,0.31664133071899414,0.8587443946188341,0.4420218513562129,0.877256525238588,0.39794052564180815,0.011918306350708008,0.87,0.41465863585472107,0.0031609535217285156,0.878,0.40211060643196106,0.0028390884399414062
7,4.32280969619751,19,878925,0.32358264923095703,0.8695527193285041,0.4226457476615906,0.8824307232378982,0.398183137178421,0.01174163818359375,0.87,0.41281241178512573,0.0028166770935058594,0.88,0.40407803654670715,0.0029442310333251953
7,4.32280969619751,20,878925,0.322249174118042,0.8748993905944579,0.4148181080818176,0.8842129469932161,0.3936942907480093,0.011783123016357422,0.876,0.4084836542606354,0.0028390884399414062,0.881,0.40326187014579773,0.0028688907623291016
7,4.32280969619751,21,878925,0.33452701568603516,0.8766816143497758,0.410324378655507,0.8842129469932161,0.3918076822390923,0.012277841567993164,0.874,0.4086037576198578,0.0028259754180908203,0.89,0.3998672664165497,0.0033888816833496094
7,4.32280969619751,22,878925,0.29339003562927246,0.8768540876164195,0.40910216248952425,0.8858801885707716,0.38969799876213074,0.011829614639282227,0.872,0.4033952057361603,0.0027985572814941406,0.885,0.39793792366981506,0.002834320068359375
7,4.32280969619751,23,878925,0.33371925354003906,0.8771415430608256,0.408446715428279,0.8855352420374842,0.384519120821586,0.01192021369934082,0.876,0.3993963301181793,0.0028138160705566406,0.881,0.39596572518348694,0.002804994583129883
7,4.32280969619751,24,878925,0.3298635482788086,0.8781763826606876,0.4064261340177976,0.8863401172818213,0.3820207371161534,0.011798620223999023,0.87,0.3985849618911743,0.002803802490234375,0.882,0.39438021183013916,0.0038247108459472656
7,4.32280969619751,25,878925,0.3301825523376465,0.8782338737495688,0.4036569274388827,0.8861676440151777,0.378698679117056,0.011771917343139648,0.878,0.39497652649879456,0.002851247787475586,0.878,0.3906891942024231,0.0028390884399414062
7,4.32280969619751,26,878925,0.3167243003845215,0.8803610440381741,0.404016545185676,0.8863401172818213,0.3782504682357495,0.012326955795288086,0.874,0.39396852254867554,0.002845287322998047,0.883,0.3885722756385803,0.0031495094299316406
7,4.32280969619751,27,878925,0.3433234691619873,0.8793262044383121,0.40186966153291553,0.8852477865930781,0.375891598371359,0.011915206909179688,0.872,0.3938775956630707,0.0033311843872070312,0.882,0.3879210650920868,0.0028808116912841797
7,4.32280969619751,28,878925,0.32068705558776855,0.8789237668161435,0.40090800707156843,0.8858801885707716,0.37626158732634324,0.012042760848999023,0.87,0.39459872245788574,0.003376007080078125,0.879,0.38608086109161377,0.0030710697174072266
7,4.32280969619751,29,878925,0.32216668128967285,0.8801310796826491,0.4031505836890294,0.8858226974818904,0.3756900360951057,0.01217198371887207,0.872,0.39407238364219666,0.002799510955810547,0.885,0.38705968856811523,0.0028543472290039062
7,4.32280969619751,30,878925,0.3169863224029541,0.880591008393699,0.39916932124357957,0.8853052776819593,0.37487468811181873,0.011851310729980469,0.872,0.39041441679000854,0.0028150081634521484,0.883,0.3867488205432892,0.002851247787475586
7,4.32280969619751,31,878925,0.3320736885070801,0.8774864895941129,0.39986657867064845,0.8868575370817523,0.3756731381783119,0.0118865966796875,0.872,0.3932388722896576,0.0033974647521972656,0.878,0.3866366446018219,0.0027849674224853516
7,4.32280969619751,32,878925,0.3140575885772705,0.8796711509715994,0.3996379260833447,0.8868575370817523,0.373608628144631,0.01186823844909668,0.868,0.3937719166278839,0.002786874771118164,0.884,0.3850940763950348,0.002840280532836914
8,4.32280969619751,0,878925,0.3480112552642822,0.616821892606646,1.455337955401494,0.7349085891686788,0.7187702701641963,0.01239776611328125,0.714,0.7855713963508606,0.002787351608276367,0.721,0.7832741737365723,0.002779245376586914
8,4.32280969619751,1,878925,0.3232386112213135,0.7784868345406462,0.6102302349530734,0.708692652638841,0.6358707363788898,0.012395143508911133,0.698,0.6442379355430603,0.002771615982055664,0.708,0.6307468414306641,0.003404378890991211
8,4.32280969619751,2,878925,0.32648468017578125,0.8084971829366449,0.5307129988303552,0.8328734046222835,0.5535663503866929,0.012193918228149414,0.806,0.5678603053092957,0.0033254623413085938,0.819,0.5689696669578552,0.00323486328125
8,4.32280969619751,3,878925,0.32361936569213867,0.8137288720248361,0.5277203367306635,0.817293319535472,0.5330515137085547,0.011944055557250977,0.82,0.5437915921211243,0.002760171890258789,0.831,0.5325962901115417,0.002813100814819336
8,4.32280969619751,4,878925,0.3387882709503174,0.8126365413360929,0.5312918149507962,0.8264344026675865,0.49476789969664353,0.011786460876464844,0.81,0.5052976012229919,0.002857685089111328,0.807,0.50803142786026,0.0028340816497802734
8,4.32280969619751,5,878925,0.31688427925109863,0.8090146027365759,0.5358134462283208,0.8280441531562608,0.4878138533005348,0.01182413101196289,0.826,0.49108004570007324,0.003365755081176758,0.815,0.5105552077293396,0.002871274948120117
8,4.32280969619751,6,878925,0.3280673027038574,0.8076923076923077,0.5418485219662006,0.8358054501552259,0.4972413663680737,0.011921167373657227,0.844,0.5134574174880981,0.0028257369995117188,0.821,0.5194950103759766,0.002959012985229492
8,4.32280969619751,7,878925,0.3041718006134033,0.807519834425664,0.5385002539708064,0.8274692422674486,0.4825350802678328,0.011842489242553711,0.836,0.4560853838920593,0.0028533935546875,0.85,0.4663833975791931,0.002900362014770508
8,4.32280969619751,8,878925,0.3347899913787842,0.8103943888697251,0.531513865177448,0.8282741175117857,0.51778166110699,0.012178182601928711,0.828,0.5178017020225525,0.0028378963470458984,0.835,0.5187520980834961,0.003205537796020508
8,4.32280969619751,9,878925,0.3366732597351074,0.8045877888927216,0.5463397777997531,0.8213176957571576,0.4918024448248056,0.011819124221801758,0.828,0.48735955357551575,0.002833843231201172,0.814,0.5087692141532898,0.003384828567504883
8,4.32280969619751,10,878925,0.3410797119140625,0.8020006898930666,0.5433503481057974,0.8258020006898931,0.4888587433558244,0.011810541152954102,0.826,0.49639537930488586,0.003493785858154297,0.838,0.4737027883529663,0.0030498504638671875
8,4.32280969619751,11,878925,0.30362486839294434,0.8042428423594343,0.5434385996598464,0.823214901690238,0.5044704446425805,0.011971473693847656,0.806,0.5145434737205505,0.0032515525817871094,0.811,0.5215636491775513,0.002824068069458008
8,4.32280969619751,12,878925,0.3376302719116211,0.8046452799816028,0.5444190181218661,0.8230999195124755,0.5035622074053838,0.011703252792358398,0.82,0.5128154158592224,0.0028274059295654297,0.816,0.5138922333717346,0.00281524658203125
8,4.32280969619751,13,878925,0.3332843780517578,0.8030930205818099,0.5504756157214825,0.8338507531332643,0.49561107617158157,0.01184701919555664,0.808,0.4904106557369232,0.002857208251953125,0.83,0.5010601282119751,0.0035295486450195312
8,4.32280969619751,14,878925,0.32622861862182617,0.8337357709555019,0.49403706651467544,0.8693802460618604,0.4888540804386139,0.011851072311401367,0.86,0.49372053146362305,0.0028183460235595703,0.874,0.4888085722923279,0.0028142929077148438
8,4.32280969619751,15,878925,0.30803394317626953,0.8508106243532253,0.4646302048976605,0.8698976658617914,0.4385246542783884,0.011762619018554688,0.862,0.4450550377368927,0.002786397933959961,0.874,0.44241538643836975,0.0027740001678466797
8,4.32280969619751,16,878925,0.34293627738952637,0.8459238817983212,0.45525797972312343,0.8723122915948028,0.40154990553855896,0.012072324752807617,0.87,0.41608014702796936,0.0028083324432373047,0.879,0.40834707021713257,0.0027968883514404297
8,4.32280969619751,17,878925,0.36121273040771484,0.8544900540416236,0.45246742551143354,0.8761641945498447,0.41570632732831514,0.011744499206542969,0.862,0.4341967701911926,0.003226757049560547,0.871,0.4236668646335602,0.002871274948120117
8,4.32280969619751,18,878925,0.3421010971069336,0.8524778659307807,0.45128188454187834,0.8754743014832701,0.40225809812545776,0.012303352355957031,0.872,0.4051290452480316,0.0028302669525146484,0.875,0.4038994610309601,0.0027713775634765625
8,4.32280969619751,19,878925,0.31117892265319824,0.8539726342416926,0.4525321561556596,0.87311716683914,0.40243935814270604,0.01192021369934082,0.856,0.4157406687736511,0.003326892852783203,0.865,0.41022491455078125,0.004160165786743164
8,4.32280969619751,20,878925,0.330432653427124,0.8560423134414166,0.4486014246940613,0.8700126480395539,0.40212865746938264,0.012345552444458008,0.852,0.41498279571533203,0.003308534622192383,0.866,0.41564086079597473,0.0034322738647460938
8,4.32280969619751,21,878925,0.34832310676574707,0.8541451075083362,0.4480728575816521,0.8750718638611016,0.4046965195582463,0.011714935302734375,0.86,0.41694486141204834,0.0028302669525146484,0.868,0.4134516417980194,0.002809762954711914
8,4.32280969619751,22,878925,0.31437063217163086,0.8545475451305048,0.4450403176821195,0.8758767391054386,0.39799304421131426,0.011789321899414062,0.874,0.40642428398132324,0.0028252601623535156,0.866,0.40941110253334045,0.0028247833251953125
8,4.32280969619751,23,878925,0.3356354236602783,0.8541451075083362,0.450651806134444,0.8734621133724273,0.40251827010741603,0.011776924133300781,0.86,0.4205625057220459,0.0028150081634521484,0.879,0.4091206192970276,0.0028269290924072266
8,4.32280969619751,24,878925,0.3171229362487793,0.8506381510865816,0.45401362960155195,0.8704725767506036,0.40093483145420367,0.011794090270996094,0.848,0.42337679862976074,0.003347158432006836,0.869,0.4098946154117584,0.002820730209350586
8,4.32280969619751,25,878925,0.3339564800262451,0.8662757272622743,0.42993274331092834,0.8808209727492239,0.39742669463157654,0.01233816146850586,0.87,0.41078147292137146,0.0028405189514160156,0.878,0.4055884778499603,0.0028162002563476562
8,4.32280969619751,26,878925,0.30975866317749023,0.8717373807059906,0.423358495418842,0.8838105093710474,0.3959460946229788,0.011902570724487305,0.87,0.41016513109207153,0.002820253372192383,0.882,0.4045282006263733,0.003394603729248047
8,4.32280969619751,27,878925,0.3520951271057129,0.8738645509945958,0.4198826987009782,0.8853627687708405,0.39375264140275806,0.011878013610839844,0.878,0.4093746840953827,0.0027723312377929688,0.882,0.4054602384567261,0.002822399139404297
8,4.32280969619751,28,878925,0.3452332019805908,0.8773140163274692,0.41725832453140843,0.885765206393009,0.39017568872525143,0.011833906173706055,0.88,0.40535250306129456,0.0028231143951416016,0.883,0.3993533253669739,0.0031337738037109375
8,4.32280969619751,29,878925,0.3236579895019531,0.876739105438657,0.4119598315312312,0.8847303667931471,0.38383374076623183,0.011981487274169922,0.876,0.400312602519989,0.003014087677001953,0.88,0.39451539516448975,0.0028443336486816406
8,4.32280969619751,30,878925,0.34570956230163574,0.8752443371277452,0.4148216706055861,0.8859376796596528,0.38204408838198733,0.01193380355834961,0.868,0.39889660477638245,0.002797842025756836,0.882,0.3911309838294983,0.002811908721923828
8,4.32280969619751,31,878925,0.3511161804199219,0.876739105438657,0.4123530342028691,0.8868000459928711,0.38048930122302127,0.011687755584716797,0.874,0.39674457907676697,0.0028154850006103516,0.882,0.3904920816421509,0.002820253372192383
8,4.32280969619751,32,878925,0.328519344329834,0.875704265838795,0.41255510770357573,0.8859376796596528,0.3798217956836407,0.011829137802124023,0.874,0.39670678973197937,0.0032324790954589844,0.879,0.38927143812179565,0.0028514862060546875
9,4.32280969619751,0,878925,0.33228015899658203,0.6285500747384155,2.5907762279877296,0.6956421754628033,1.3879161522938654,0.011833667755126953,0.68,1.440852165222168,0.0027925968170166016,0.679,1.5505269765853882,0.0028269290924072266
9,4.32280969619751,1,878925,0.3490936756134033,0.7528458088996206,0.7212866911521325,0.6306197539381396,0.6771218730853155,0.011813640594482422,0.634,0.6663259267807007,0.002887725830078125,0.659,0.6615021824836731,0.004124164581298828
9,4.32280969619751,2,878925,0.3235030174255371,0.8174657928021156,0.5172339104689084,0.8181556858686904,0.5284320666239812,0.011922597885131836,0.806,0.5439358949661255,0.002828359603881836,0.81,0.5393839478492737,0.0028045177459716797
9,4.32280969619751,3,878925,0.3483128547668457,0.8082097274922387,0.5298479153559759,0.8047602621593652,0.5254674966518695,0.011765480041503906,0.82,0.5105465054512024,0.0028269290924072266,0.808,0.5089818835258484,0.002772092819213867
9,4.32280969619751,4,878925,0.3148376941680908,0.8029780384040474,0.5386254420647254,0.817810739335403,0.5093662922198956,0.012354373931884766,0.796,0.5299791693687439,0.002825021743774414,0.808,0.5266560316085815,0.003278493881225586
9,4.32280969619751,5,878925,0.333812952041626,0.8045877888927216,0.5419094516680791,0.8336782798666207,0.4808940520653358,0.011806249618530273,0.814,0.49354955554008484,0.0028302669525146484,0.831,0.4763273596763611,0.0028123855590820312
9,4.32280969619751,6,878925,0.30924367904663086,0.8106243532252501,0.5370890268912683,0.8246521789122686,0.5035195281872382,0.011774063110351562,0.808,0.5343632698059082,0.0028219223022460938,0.808,0.5214460492134094,0.002838134765625
9,4.32280969619751,7,878925,0.33385252952575684,0.8124065769805681,0.5293506108797513,0.8287915373117167,0.5012464248217069,0.011842489242553711,0.816,0.5179398655891418,0.002848386764526367,0.824,0.5002561807632446,0.002780437469482422
9,4.32280969619751,8,878925,0.32204484939575195,0.8126940324249742,0.5295192828545203,0.8245371967345062,0.4832666493379153,0.011839866638183594,0.82,0.49919790029525757,0.0028257369995117188,0.816,0.4903474450111389,0.0027768611907958984
9,4.32280969619751,9,878925,0.3405783176422119,0.8102794066919627,0.5401476965500758,0.8207427848683454,0.49904275169739354,0.011831521987915039,0.808,0.5050378441810608,0.002765655517578125,0.819,0.5030553340911865,0.00310516357421875
9,4.32280969619751,10,878925,0.31470346450805664,0.8068874324479706,0.5410867883608892,0.8217201333793263,0.5101235348444718,0.011866569519042969,0.804,0.5335953235626221,0.00281524658203125,0.832,0.5039191842079163,0.0028519630432128906
9,4.32280969619751,11,878925,0.32219719886779785,0.8051626997815339,0.5403511615899893,0.8213751868460388,0.4996463450101706,0.012300491333007812,0.824,0.5104835033416748,0.002893209457397461,0.83,0.5025328397750854,0.0028374195098876953
9,4.32280969619751,12,878925,0.324657678604126,0.8351155570886513,0.4946628510951996,0.8634011728182132,0.4964980253806481,0.011673450469970703,0.842,0.5024767518043518,0.0028333663940429688,0.853,0.49821338057518005,0.0034165382385253906
9,4.32280969619751,13,878925,0.3902616500854492,0.8529377946418305,0.45921244529577404,0.8692077727952168,0.4290402692097884,0.011943340301513672,0.84,0.4506326913833618,0.002812623977661133,0.875,0.4368128478527069,0.0034558773040771484
9,4.32280969619751,14,878925,0.32231855392456055,0.8579970104633782,0.4352737069129944,0.8712199609060596,0.4039308978961064,0.012005090713500977,0.864,0.4122031331062317,0.003514528274536133,0.872,0.4062815308570862,0.002851247787475586
9,4.32280969619751,15,878925,0.3348991870880127,0.8540301253305738,0.4438320306631235,0.8714499252615845,0.4052573304909926,0.012119770050048828,0.866,0.4099290072917938,0.0028967857360839844,0.871,0.41894373297691345,0.0027921199798583984
9,4.32280969619751,16,878925,0.3247971534729004,0.8571346441301598,0.44644803955004764,0.8738645509945958,0.4051154622664818,0.012189388275146484,0.874,0.4178127348423004,0.002782106399536133,0.876,0.410061240196228,0.002814769744873047
9,4.32280969619751,17,878925,0.34534215927124023,0.8592043233298838,0.44004522837125337,0.8715649074393469,0.4068115078485929,0.012120246887207031,0.874,0.41377171874046326,0.002846956253051758,0.874,0.41936373710632324,0.0028524398803710938
9,4.32280969619751,18,878925,0.3227541446685791,0.8519604461308498,0.44283430163676923,0.875704265838795,0.4001321976001446,0.011842727661132812,0.878,0.4107041358947754,0.003361225128173828,0.878,0.4042494595050812,0.0027773380279541016
9,4.32280969619751,19,878925,0.371976375579834,0.8565597332413476,0.4406729546877054,0.8736920777279522,0.40265485644340515,0.011766433715820312,0.884,0.4129582941532135,0.0031151771545410156,0.877,0.40802597999572754,0.0036983489990234375
9,4.32280969619751,20,878925,0.30336761474609375,0.8580545015522594,0.4424606745059674,0.8696677015062665,0.4017294393135951,0.011680126190185547,0.854,0.415033221244812,0.002850770950317383,0.878,0.40614205598831177,0.002835988998413086
9,4.32280969619751,21,878925,0.34078288078308105,0.8612165114407266,0.4393468728432289,0.8749568816833391,0.3919886579880348,0.011799335479736328,0.858,0.40326592326164246,0.0027921199798583984,0.861,0.401842325925827,0.0027985572814941406
9,4.32280969619751,22,878925,0.3373684883117676,0.8574795906634471,0.44028955927261937,0.8729446935724963,0.3983473823620723,0.011838912963867188,0.846,0.41547197103500366,0.0028145313262939453,0.864,0.4129980206489563,0.0032410621643066406
9,4.32280969619751,23,878925,0.3162684440612793,0.8576520639300909,0.44186882560069746,0.8761641945498447,0.3952897764169253,0.012575387954711914,0.88,0.40313297510147095,0.00334930419921875,0.877,0.39932993054389954,0.003509521484375
9,4.32280969619751,24,878925,0.3264784812927246,0.8577095550189721,0.4410804739365211,0.8745544440611706,0.4024231227544638,0.017508745193481445,0.858,0.4125688672065735,0.002848386764526367,0.868,0.4132997989654541,0.0029838085174560547
9,4.32280969619751,25,878925,0.3330960273742676,0.8578245371967345,0.43965595272871166,0.875704265838795,0.39620819000097424,0.011910676956176758,0.87,0.40512630343437195,0.002859354019165039,0.867,0.40108010172843933,0.0032825469970703125
9,4.32280969619751,26,878925,0.3413524627685547,0.85667471541911,0.4409952897291917,0.8725422559503277,0.40076221640293413,0.01178884506225586,0.882,0.40808016061782837,0.0028514862060546875,0.876,0.403427392244339,0.0028107166290283203
9,4.32280969619751,27,878925,0.30951714515686035,0.8552374381970794,0.44252747755784255,0.8781188915718063,0.3974698048371535,0.011923551559448242,0.878,0.40377873182296753,0.0028722286224365234,0.874,0.4078749418258667,0.0028014183044433594
9,4.32280969619751,28,878925,0.33327794075012207,0.8593193055076463,0.4352714167191432,0.8755892836610325,0.39803444422208345,0.011847257614135742,0.858,0.4185297191143036,0.0033674240112304688,0.878,0.3986743092536926,0.002866506576538086
9,4.32280969619751,29,878925,0.32878756523132324,0.8574795906634471,0.440732499727836,0.8733471311946648,0.3969034254550934,0.01286935806274414,0.866,0.40438586473464966,0.002827167510986328,0.871,0.40823033452033997,0.0034410953521728516
9,4.32280969619751,30,878925,0.3156247138977051,0.8711049787282971,0.42142510184874904,0.8820282856157295,0.39586614874693066,0.011945962905883789,0.878,0.4049123227596283,0.0028183460235595703,0.877,0.40298542380332947,0.0028183460235595703
9,4.32280969619751,31,878925,0.3418004512786865,0.8748418995055767,0.4116752055975107,0.884442911348741,0.3932182972247784,0.011794567108154297,0.87,0.40900442004203796,0.002816438674926758,0.884,0.4025009870529175,0.0028831958770751953
9,4.32280969619751,32,878925,0.34076356887817383,0.8763941589053696,0.40879911184310913,0.8859376796596528,0.3897770161812122,0.011812925338745117,0.872,0.406125009059906,0.0027887821197509766,0.88,0.4001707136631012,0.003953456878662109
